day;hour;category_title;count
1;00                                                                                                  ;Lifestyle            ;2
1;00                                                                                                  ;Sports               ;1
1;00                                                                                                  ;Theater & Animation  ;1
1;01                                                                                                  ;Entertainment        ;1
1;01                                                                                                  ;Lifestyle            ;1
1;01                                                                                                  ;Music                ;1
1;01                                                                                                  ;Science & Politics   ;1
1;01                                                                                                  ;Sports               ;1
1;02                                                                                                  ;Entertainment        ;1
1;02                                                                                                  ;Sports               ;1
1;03                                                                                                  ;Lifestyle            ;1
1;03                                                                                                  ;Science & Politics   ;1
1;03                                                                                                  ;Sports               ;1
1;04                                                                                                  ;Entertainment        ;1
1;04                                                                                                  ;Music                ;1
1;04                                                                                                  ;Science & Politics   ;3
1;04                                                                                                  ;Sports               ;2
1;05                                                                                                  ;Entertainment        ;2
1;05                                                                                                  ;Lifestyle            ;1
1;05                                                                                                  ;Sports               ;1
1;06                                                                                                  ;Entertainment        ;1
1;06                                                                                                  ;Science & Politics   ;1
1;06                                                                                                  ;Sports               ;1
1;07                                                                                                  ;Entertainment        ;2
1;07                                                                                                  ;Music                ;1
1;07                                                                                                  ;Sports               ;1
1;08                                                                                                  ;Entertainment        ;1
1;08                                                                                                  ;Lifestyle            ;1
1;08                                                                                                  ;Sports               ;1
1;09                                                                                                  ;Lifestyle            ;2
1;10                                                                                                  ;Lifestyle            ;1
1;11                                                                                                  ;Entertainment        ;1
1;11                                                                                                  ;Lifestyle            ;1
1;12                                                                                                  ;Science & Politics   ;3
1;12                                                                                                  ;Sports               ;1
1;13                                                                                                  ;Entertainment        ;1
1;13                                                                                                  ;Lifestyle            ;1
1;13                                                                                                  ;Music                ;1
1;13                                                                                                  ;Science & Politics   ;1
1;13                                                                                                  ;Sports               ;1
1;13                                                                                                  ;Theater & Animation  ;1
1;14                                                                                                  ;Entertainment        ;2
1;14                                                                                                  ;Science & Politics   ;3
1;14                                                                                                  ;Theater & Animation  ;1
1;15                                                                                                  ;Entertainment        ;2
1;15                                                                                                  ;Lifestyle            ;6
1;15                                                                                                  ;Science & Politics   ;4
1;16                                                                                                  ;Entertainment        ;2
1;16                                                                                                  ;Lifestyle            ;4
1;16                                                                                                  ;Science & Politics   ;2
1;16                                                                                                  ;Sports               ;1
1;16                                                                                                  ;Theater & Animation  ;1
1;17                                                                                                  ;Entertainment        ;2
1;17                                                                                                  ;Lifestyle            ;2
1;17                                                                                                  ;Music                ;1
1;17                                                                                                  ;Science & Politics   ;3
1;17                                                                                                  ;Sports               ;1
1;17                                                                                                  ;Theater & Animation  ;2
1;18                                                                                                  ;Entertainment        ;4
1;18                                                                                                  ;Gaming               ;1
1;18                                                                                                  ;Lifestyle            ;2
1;18                                                                                                  ;Science & Politics   ;2
1;18                                                                                                  ;Sports               ;2
1;18                                                                                                  ;Theater & Animation  ;2
1;19                                                                                                  ;Entertainment        ;2
1;19                                                                                                  ;Gaming               ;1
1;19                                                                                                  ;Lifestyle            ;1
1;19                                                                                                  ;Music                ;1
1;19                                                                                                  ;Science & Politics   ;3
1;19                                                                                                  ;Theater & Animation  ;1
1;20                                                                                                  ;Entertainment        ;1
1;20                                                                                                  ;Lifestyle            ;2
1;20                                                                                                  ;Theater & Animation  ;1
1;21                                                                                                  ;Entertainment        ;3
1;21                                                                                                  ;Lifestyle            ;2
1;21                                                                                                  ;Science & Politics   ;3
1;21                                                                                                  ;Theater & Animation  ;1
1;22                                                                                                  ;Entertainment        ;1
1;22                                                                                                  ;Lifestyle            ;2
1;23                                                                                                  ;Entertainment        ;2
1;23                                                                                                  ;Lifestyle            ;2
1;23                                                                                                  ;Science & Politics   ;1
1;23                                                                                                  ;Theater & Animation  ;2
2;00                                                                                                  ;Entertainment        ;2
2;00                                                                                                  ;Lifestyle            ;5
2;00                                                                                                  ;Science & Politics   ;1
2;00                                                                                                  ;Sports               ;3
2;00                                                                                                  ;Theater & Animation  ;1
2;01                                                                                                  ;Entertainment        ;3
2;01                                                                                                  ;Lifestyle            ;2
2;01                                                                                                  ;Music                ;1
2;01                                                                                                  ;Science & Politics   ;1
2;01                                                                                                  ;Sports               ;2
2;01                                                                                                  ;Theater & Animation  ;1
2;02                                                                                                  ;Entertainment        ;3
2;02                                                                                                  ;Gaming               ;1
2;02                                                                                                  ;Lifestyle            ;1
2;02                                                                                                  ;Sports               ;1
2;03                                                                                                  ;Entertainment        ;5
2;03                                                                                                  ;Music                ;2
2;03                                                                                                  ;Sports               ;1
2;04                                                                                                  ;Entertainment        ;2
2;04                                                                                                  ;Music                ;1
2;04                                                                                                  ;Sports               ;2
2;05                                                                                                  ;Entertainment        ;2
2;05                                                                                                  ;Lifestyle            ;1
2;05                                                                                                  ;Music                ;2
2;05                                                                                                  ;Science & Politics   ;2
2;05                                                                                                  ;Sports               ;1
2;06                                                                                                  ;Entertainment        ;2
2;06                                                                                                  ;Lifestyle            ;1
2;06                                                                                                  ;Theater & Animation  ;1
2;07                                                                                                  ;Entertainment        ;1
2;07                                                                                                  ;Lifestyle            ;1
2;07                                                                                                  ;Science & Politics   ;1
2;08                                                                                                  ;Lifestyle            ;2
2;08                                                                                                  ;Science & Politics   ;1
2;09                                                                                                  ;Lifestyle            ;1
2;09                                                                                                  ;Music                ;2
2;10                                                                                                  ;Entertainment        ;3
2;10                                                                                                  ;Lifestyle            ;1
2;11                                                                                                  ;Entertainment        ;2
2;11                                                                                                  ;Lifestyle            ;2
2;11                                                                                                  ;Music                ;1
2;11                                                                                                  ;Science & Politics   ;1
2;11                                                                                                  ;Theater & Animation  ;1
2;12                                                                                                  ;Entertainment        ;1
2;12                                                                                                  ;Music                ;1
2;13                                                                                                  ;Entertainment        ;6
2;13                                                                                                  ;Lifestyle            ;1
2;13                                                                                                  ;Science & Politics   ;4
2;13                                                                                                  ;Theater & Animation  ;2
2;14                                                                                                  ;Entertainment        ;5
2;14                                                                                                  ;Lifestyle            ;5
2;14                                                                                                  ;Music                ;3
2;14                                                                                                  ;Science & Politics   ;7
2;14                                                                                                  ;Sports               ;2
2;14                                                                                                  ;Theater & Animation  ;2
2;15                                                                                                  ;Entertainment        ;5
2;15                                                                                                  ;Gaming               ;1
2;15                                                                                                  ;Lifestyle            ;3
2;15                                                                                                  ;Music                ;2
2;15                                                                                                  ;Science & Politics   ;4
2;15                                                                                                  ;Sports               ;3
2;16                                                                                                  ;Entertainment        ;6
2;16                                                                                                  ;Lifestyle            ;3
2;16                                                                                                  ;Music                ;4
2;16                                                                                                  ;Science & Politics   ;8
2;16                                                                                                  ;Theater & Animation  ;3
2;17                                                                                                  ;Entertainment        ;5
2;17                                                                                                  ;Lifestyle            ;3
2;17                                                                                                  ;Music                ;3
2;17                                                                                                  ;Science & Politics   ;7
2;17                                                                                                  ;Sports               ;1
2;17                                                                                                  ;Theater & Animation  ;6
2;18                                                                                                  ;Entertainment        ;5
2;18                                                                                                  ;Lifestyle            ;2
2;18                                                                                                  ;Music                ;1
2;18                                                                                                  ;Science & Politics   ;2
2;18                                                                                                  ;Theater & Animation  ;4
2;19                                                                                                  ;Entertainment        ;4
2;19                                                                                                  ;Lifestyle            ;4
2;19                                                                                                  ;Music                ;1
2;19                                                                                                  ;Science & Politics   ;3
2;19                                                                                                  ;Theater & Animation  ;3
2;20                                                                                                  ;Entertainment        ;2
2;20                                                                                                  ;Lifestyle            ;3
2;20                                                                                                  ;Music                ;2
2;20                                                                                                  ;Science & Politics   ;2
2;20                                                                                                  ;Sports               ;1
2;20                                                                                                  ;Theater & Animation  ;3
2;21                                                                                                  ;Entertainment        ;1
2;21                                                                                                  ;Lifestyle            ;2
2;21                                                                                                  ;Music                ;1
2;21                                                                                                  ;Science & Politics   ;3
2;21                                                                                                  ;Sports               ;1
2;21                                                                                                  ;Theater & Animation  ;2
2;22                                                                                                  ;Entertainment        ;1
2;22                                                                                                  ;Lifestyle            ;1
2;22                                                                                                  ;Science & Politics   ;1
2;22                                                                                                  ;Theater & Animation  ;2
2;23                                                                                                  ;Entertainment        ;1
2;23                                                                                                  ;Lifestyle            ;2
2;23                                                                                                  ;Science & Politics   ;1
2;23                                                                                                  ;Sports               ;1
2;23                                                                                                  ;Theater & Animation  ;1
3;00                                                                                                  ;Entertainment        ;1
3;00                                                                                                  ;Lifestyle            ;1
3;00                                                                                                  ;Music                ;1
3;00                                                                                                  ;Science & Politics   ;2
3;00                                                                                                  ;Theater & Animation  ;1
3;01                                                                                                  ;Entertainment        ;2
3;01                                                                                                  ;Lifestyle            ;1
3;01                                                                                                  ;Science & Politics   ;1
3;01                                                                                                  ;Sports               ;2
3;01                                                                                                  ;Theater & Animation  ;1
3;02                                                                                                  ;Entertainment        ;2
3;02                                                                                                  ;Lifestyle            ;2
3;02                                                                                                  ;Theater & Animation  ;1
3;03                                                                                                  ;Entertainment        ;2
3;03                                                                                                  ;Science & Politics   ;2
3;03                                                                                                  ;Sports               ;3
3;03                                                                                                  ;Theater & Animation  ;2
3;04                                                                                                  ;Entertainment        ;2
3;04                                                                                                  ;Lifestyle            ;1
3;04                                                                                                  ;Music                ;1
3;04                                                                                                  ;Science & Politics   ;2
3;04                                                                                                  ;Sports               ;2
3;04                                                                                                  ;Theater & Animation  ;2
3;05                                                                                                  ;Entertainment        ;2
3;05                                                                                                  ;Science & Politics   ;1
3;05                                                                                                  ;Sports               ;1
3;06                                                                                                  ;Entertainment        ;3
3;06                                                                                                  ;Theater & Animation  ;1
3;07                                                                                                  ;Entertainment        ;1
3;07                                                                                                  ;Lifestyle            ;1
3;07                                                                                                  ;Sports               ;1
3;08                                                                                                  ;Entertainment        ;3
3;08                                                                                                  ;Theater & Animation  ;1
3;09                                                                                                  ;Entertainment        ;1
3;09                                                                                                  ;Music                ;1
3;09                                                                                                  ;Science & Politics   ;1
3;10                                                                                                  ;Entertainment        ;1
3;10                                                                                                  ;Lifestyle            ;1
3;10                                                                                                  ;Science & Politics   ;1
3;10                                                                                                  ;Theater & Animation  ;2
3;11                                                                                                  ;Entertainment        ;2
3;11                                                                                                  ;Lifestyle            ;1
3;11                                                                                                  ;Science & Politics   ;1
3;11                                                                                                  ;Sports               ;1
3;11                                                                                                  ;Theater & Animation  ;2
3;12                                                                                                  ;Entertainment        ;4
3;12                                                                                                  ;Music                ;1
3;12                                                                                                  ;Science & Politics   ;6
3;12                                                                                                  ;Theater & Animation  ;1
3;13                                                                                                  ;Entertainment        ;4
3;13                                                                                                  ;Lifestyle            ;3
3;13                                                                                                  ;Music                ;1
3;13                                                                                                  ;Science & Politics   ;2
3;13                                                                                                  ;Theater & Animation  ;1
3;14                                                                                                  ;Entertainment        ;4
3;14                                                                                                  ;Lifestyle            ;4
3;14                                                                                                  ;Music                ;2
3;14                                                                                                  ;Science & Politics   ;7
3;14                                                                                                  ;Sports               ;1
3;14                                                                                                  ;Theater & Animation  ;1
3;15                                                                                                  ;Entertainment        ;2
3;15                                                                                                  ;Lifestyle            ;5
3;15                                                                                                  ;Music                ;3
3;15                                                                                                  ;Science & Politics   ;7
3;15                                                                                                  ;Sports               ;1
3;15                                                                                                  ;Theater & Animation  ;2
3;16                                                                                                  ;Entertainment        ;3
3;16                                                                                                  ;Gaming               ;2
3;16                                                                                                  ;Lifestyle            ;10
3;16                                                                                                  ;Music                ;4
3;16                                                                                                  ;Science & Politics   ;6
3;16                                                                                                  ;Sports               ;1
3;16                                                                                                  ;Theater & Animation  ;2
3;17                                                                                                  ;Entertainment        ;8
3;17                                                                                                  ;Lifestyle            ;3
3;17                                                                                                  ;Music                ;3
3;17                                                                                                  ;Science & Politics   ;5
3;17                                                                                                  ;Sports               ;1
3;17                                                                                                  ;Theater & Animation  ;7
3;18                                                                                                  ;Entertainment        ;7
3;18                                                                                                  ;Gaming               ;1
3;18                                                                                                  ;Lifestyle            ;4
3;18                                                                                                  ;Music                ;2
3;18                                                                                                  ;Science & Politics   ;2
3;18                                                                                                  ;Theater & Animation  ;8
3;19                                                                                                  ;Entertainment        ;5
3;19                                                                                                  ;Lifestyle            ;2
3;19                                                                                                  ;Science & Politics   ;2
3;19                                                                                                  ;Theater & Animation  ;1
3;20                                                                                                  ;Entertainment        ;3
3;20                                                                                                  ;Lifestyle            ;6
3;20                                                                                                  ;Music                ;2
3;20                                                                                                  ;Science & Politics   ;1
3;20                                                                                                  ;Sports               ;1
3;20                                                                                                  ;Theater & Animation  ;3
3;21                                                                                                  ;Entertainment        ;4
3;21                                                                                                  ;Lifestyle            ;2
3;21                                                                                                  ;Music                ;1
3;21                                                                                                  ;Science & Politics   ;4
3;21                                                                                                  ;Theater & Animation  ;2
3;22                                                                                                  ;Entertainment        ;2
3;22                                                                                                  ;Lifestyle            ;3
3;22                                                                                                  ;Science & Politics   ;5
3;22                                                                                                  ;Sports               ;1
3;22                                                                                                  ;Theater & Animation  ;2
3;23                                                                                                  ;Entertainment        ;2
3;23                                                                                                  ;Lifestyle            ;4
3;23                                                                                                  ;Music                ;1
3;23                                                                                                  ;Science & Politics   ;1
3;23                                                                                                  ;Sports               ;1
3;23                                                                                                  ;Theater & Animation  ;1
4;00                                                                                                  ;Entertainment        ;2
4;00                                                                                                  ;Gaming               ;1
4;00                                                                                                  ;Lifestyle            ;2
4;00                                                                                                  ;Music                ;1
4;00                                                                                                  ;Science & Politics   ;2
4;00                                                                                                  ;Sports               ;1
4;00                                                                                                  ;Theater & Animation  ;1
4;01                                                                                                  ;Entertainment        ;3
4;01                                                                                                  ;Lifestyle            ;2
4;01                                                                                                  ;Science & Politics   ;1
4;01                                                                                                  ;Sports               ;2
4;01                                                                                                  ;Theater & Animation  ;1
4;02                                                                                                  ;Entertainment        ;1
4;02                                                                                                  ;Lifestyle            ;1
4;02                                                                                                  ;Science & Politics   ;2
4;02                                                                                                  ;Sports               ;2
4;02                                                                                                  ;Theater & Animation  ;4
4;03                                                                                                  ;Entertainment        ;1
4;03                                                                                                  ;Gaming               ;1
4;03                                                                                                  ;Lifestyle            ;2
4;03                                                                                                  ;Science & Politics   ;1
4;03                                                                                                  ;Sports               ;1
4;03                                                                                                  ;Theater & Animation  ;1
4;04                                                                                                  ;Entertainment        ;1
4;04                                                                                                  ;Lifestyle            ;1
4;04                                                                                                  ;Sports               ;1
4;04                                                                                                  ;Theater & Animation  ;3
4;05                                                                                                  ;Music                ;3
4;05                                                                                                  ;Science & Politics   ;1
4;05                                                                                                  ;Sports               ;1
4;06                                                                                                  ;Entertainment        ;1
4;06                                                                                                  ;Lifestyle            ;1
4;06                                                                                                  ;Science & Politics   ;1
4;06                                                                                                  ;Sports               ;1
4;06                                                                                                  ;Theater & Animation  ;1
4;07                                                                                                  ;Entertainment        ;3
4;07                                                                                                  ;Lifestyle            ;2
4;07                                                                                                  ;Music                ;1
4;07                                                                                                  ;Theater & Animation  ;1
4;08                                                                                                  ;Entertainment        ;5
4;08                                                                                                  ;Lifestyle            ;1
4;08                                                                                                  ;Music                ;2
4;08                                                                                                  ;Theater & Animation  ;1
4;09                                                                                                  ;Sports               ;1
4;10                                                                                                  ;Entertainment        ;1
4;10                                                                                                  ;Lifestyle            ;2
4;10                                                                                                  ;Sports               ;1
4;10                                                                                                  ;Theater & Animation  ;1
4;11                                                                                                  ;Entertainment        ;1
4;11                                                                                                  ;Lifestyle            ;1
4;11                                                                                                  ;Science & Politics   ;2
4;11                                                                                                  ;Theater & Animation  ;2
4;12                                                                                                  ;Entertainment        ;2
4;12                                                                                                  ;Lifestyle            ;3
4;12                                                                                                  ;Music                ;1
4;12                                                                                                  ;Science & Politics   ;3
4;12                                                                                                  ;Theater & Animation  ;2
4;13                                                                                                  ;Entertainment        ;5
4;13                                                                                                  ;Lifestyle            ;3
4;13                                                                                                  ;Music                ;2
4;13                                                                                                  ;Science & Politics   ;3
4;13                                                                                                  ;Theater & Animation  ;3
4;14                                                                                                  ;Entertainment        ;6
4;14                                                                                                  ;Lifestyle            ;3
4;14                                                                                                  ;Music                ;2
4;14                                                                                                  ;Science & Politics   ;4
4;14                                                                                                  ;Theater & Animation  ;2
4;15                                                                                                  ;Entertainment        ;6
4;15                                                                                                  ;Lifestyle            ;2
4;15                                                                                                  ;Music                ;1
4;15                                                                                                  ;Science & Politics   ;1
4;15                                                                                                  ;Sports               ;1
4;15                                                                                                  ;Theater & Animation  ;1
4;16                                                                                                  ;Entertainment        ;5
4;16                                                                                                  ;Lifestyle            ;5
4;16                                                                                                  ;Music                ;4
4;16                                                                                                  ;Science & Politics   ;4
4;16                                                                                                  ;Sports               ;1
4;16                                                                                                  ;Theater & Animation  ;4
4;17                                                                                                  ;Entertainment        ;7
4;17                                                                                                  ;Lifestyle            ;6
4;17                                                                                                  ;Music                ;5
4;17                                                                                                  ;Science & Politics   ;4
4;17                                                                                                  ;Sports               ;2
4;17                                                                                                  ;Theater & Animation  ;1
4;18                                                                                                  ;Entertainment        ;6
4;18                                                                                                  ;Gaming               ;1
4;18                                                                                                  ;Lifestyle            ;5
4;18                                                                                                  ;Music                ;2
4;18                                                                                                  ;Sports               ;1
4;18                                                                                                  ;Theater & Animation  ;1
4;19                                                                                                  ;Entertainment        ;3
4;19                                                                                                  ;Lifestyle            ;3
4;19                                                                                                  ;Music                ;1
4;19                                                                                                  ;Science & Politics   ;2
4;19                                                                                                  ;Theater & Animation  ;1
4;20                                                                                                  ;Entertainment        ;5
4;20                                                                                                  ;Lifestyle            ;3
4;20                                                                                                  ;Music                ;2
4;20                                                                                                  ;Science & Politics   ;2
4;20                                                                                                  ;Sports               ;1
4;20                                                                                                  ;Theater & Animation  ;2
4;21                                                                                                  ;Entertainment        ;5
4;21                                                                                                  ;Lifestyle            ;3
4;21                                                                                                  ;Music                ;1
4;21                                                                                                  ;Science & Politics   ;2
4;21                                                                                                  ;Sports               ;1
4;21                                                                                                  ;Theater & Animation  ;4
4;22                                                                                                  ;Entertainment        ;4
4;22                                                                                                  ;Gaming               ;1
4;22                                                                                                  ;Lifestyle            ;8
4;22                                                                                                  ;Music                ;1
4;22                                                                                                  ;Science & Politics   ;5
4;22                                                                                                  ;Theater & Animation  ;2
4;23                                                                                                  ;Entertainment        ;3
4;23                                                                                                  ;Lifestyle            ;3
4;23                                                                                                  ;Science & Politics   ;3
4;23                                                                                                  ;Theater & Animation  ;1
5;00                                                                                                  ;Entertainment        ;2
5;00                                                                                                  ;Gaming               ;1
5;00                                                                                                  ;Lifestyle            ;2
5;00                                                                                                  ;Science & Politics   ;1
5;01                                                                                                  ;Entertainment        ;1
5;01                                                                                                  ;Lifestyle            ;4
5;01                                                                                                  ;Sports               ;1
5;01                                                                                                  ;Theater & Animation  ;2
5;02                                                                                                  ;Entertainment        ;1
5;02                                                                                                  ;Lifestyle            ;3
5;02                                                                                                  ;Music                ;1
5;02                                                                                                  ;Science & Politics   ;1
5;03                                                                                                  ;Lifestyle            ;3
5;03                                                                                                  ;Science & Politics   ;1
5;03                                                                                                  ;Sports               ;3
5;03                                                                                                  ;Theater & Animation  ;2
5;04                                                                                                  ;Gaming               ;1
5;04                                                                                                  ;Lifestyle            ;1
5;04                                                                                                  ;Music                ;2
5;04                                                                                                  ;Science & Politics   ;1
5;04                                                                                                  ;Theater & Animation  ;2
5;05                                                                                                  ;Entertainment        ;2
5;05                                                                                                  ;Music                ;5
5;05                                                                                                  ;Science & Politics   ;1
5;05                                                                                                  ;Theater & Animation  ;3
5;06                                                                                                  ;Entertainment        ;2
5;06                                                                                                  ;Lifestyle            ;1
5;06                                                                                                  ;Sports               ;1
5;06                                                                                                  ;Theater & Animation  ;2
5;07                                                                                                  ;Entertainment        ;2
5;07                                                                                                  ;Lifestyle            ;3
5;07                                                                                                  ;Sports               ;1
5;08                                                                                                  ;Entertainment        ;4
5;08                                                                                                  ;Music                ;1
5;09                                                                                                  ;Entertainment        ;3
5;09                                                                                                  ;Music                ;2
5;09                                                                                                  ;Sports               ;1
5;09                                                                                                  ;Theater & Animation  ;1
5;10                                                                                                  ;Lifestyle            ;1
5;10                                                                                                  ;Music                ;1
5;10                                                                                                  ;Science & Politics   ;1
5;10                                                                                                  ;Theater & Animation  ;1
5;11                                                                                                  ;Entertainment        ;2
5;11                                                                                                  ;Lifestyle            ;1
5;11                                                                                                  ;Music                ;1
5;11                                                                                                  ;Science & Politics   ;1
5;11                                                                                                  ;Theater & Animation  ;1
5;12                                                                                                  ;Entertainment        ;2
5;12                                                                                                  ;Music                ;4
5;12                                                                                                  ;Science & Politics   ;3
5;12                                                                                                  ;Theater & Animation  ;1
5;13                                                                                                  ;Entertainment        ;2
5;13                                                                                                  ;Lifestyle            ;2
5;13                                                                                                  ;Music                ;3
5;13                                                                                                  ;Science & Politics   ;6
5;13                                                                                                  ;Sports               ;1
5;13                                                                                                  ;Theater & Animation  ;1
5;14                                                                                                  ;Entertainment        ;8
5;14                                                                                                  ;Gaming               ;1
5;14                                                                                                  ;Lifestyle            ;3
5;14                                                                                                  ;Music                ;2
5;14                                                                                                  ;Science & Politics   ;5
5;14                                                                                                  ;Theater & Animation  ;2
5;15                                                                                                  ;Entertainment        ;4
5;15                                                                                                  ;Lifestyle            ;4
5;15                                                                                                  ;Music                ;4
5;15                                                                                                  ;Science & Politics   ;6
5;15                                                                                                  ;Sports               ;1
5;16                                                                                                  ;Entertainment        ;6
5;16                                                                                                  ;Gaming               ;1
5;16                                                                                                  ;Lifestyle            ;7
5;16                                                                                                  ;Music                ;4
5;16                                                                                                  ;Science & Politics   ;5
5;16                                                                                                  ;Sports               ;1
5;16                                                                                                  ;Theater & Animation  ;3
5;17                                                                                                  ;Entertainment        ;8
5;17                                                                                                  ;Lifestyle            ;4
5;17                                                                                                  ;Music                ;4
5;17                                                                                                  ;Science & Politics   ;4
5;17                                                                                                  ;Theater & Animation  ;3
5;18                                                                                                  ;Entertainment        ;3
5;18                                                                                                  ;Gaming               ;1
5;18                                                                                                  ;Lifestyle            ;4
5;18                                                                                                  ;Music                ;4
5;18                                                                                                  ;Science & Politics   ;2
5;18                                                                                                  ;Sports               ;1
5;18                                                                                                  ;Theater & Animation  ;2
5;19                                                                                                  ;Entertainment        ;2
5;19                                                                                                  ;Lifestyle            ;1
5;19                                                                                                  ;Music                ;2
5;19                                                                                                  ;Sports               ;1
5;19                                                                                                  ;Theater & Animation  ;1
5;20                                                                                                  ;Entertainment        ;1
5;20                                                                                                  ;Lifestyle            ;1
5;20                                                                                                  ;Music                ;1
5;20                                                                                                  ;Science & Politics   ;2
5;20                                                                                                  ;Sports               ;1
5;20                                                                                                  ;Theater & Animation  ;2
5;21                                                                                                  ;Entertainment        ;2
5;21                                                                                                  ;Lifestyle            ;2
5;21                                                                                                  ;Science & Politics   ;2
5;21                                                                                                  ;Theater & Animation  ;4
5;22                                                                                                  ;Entertainment        ;2
5;22                                                                                                  ;Lifestyle            ;5
5;22                                                                                                  ;Music                ;1
5;22                                                                                                  ;Science & Politics   ;1
5;22                                                                                                  ;Theater & Animation  ;3
5;23                                                                                                  ;Entertainment        ;2
5;23                                                                                                  ;Gaming               ;1
5;23                                                                                                  ;Lifestyle            ;2
5;23                                                                                                  ;Music                ;1
5;23                                                                                                  ;Science & Politics   ;1
5;23                                                                                                  ;Sports               ;1
5;23                                                                                                  ;Theater & Animation  ;1
6;00                                                                                                  ;Entertainment        ;1
6;00                                                                                                  ;Lifestyle            ;1
6;00                                                                                                  ;Music                ;5
6;00                                                                                                  ;Science & Politics   ;1
6;00                                                                                                  ;Sports               ;1
6;00                                                                                                  ;Theater & Animation  ;1
6;01                                                                                                  ;Entertainment        ;1
6;01                                                                                                  ;Lifestyle            ;1
6;01                                                                                                  ;Sports               ;1
6;01                                                                                                  ;Theater & Animation  ;1
6;02                                                                                                  ;Entertainment        ;1
6;02                                                                                                  ;Gaming               ;2
6;02                                                                                                  ;Science & Politics   ;1
6;02                                                                                                  ;Sports               ;1
6;02                                                                                                  ;Theater & Animation  ;3
6;03                                                                                                  ;Entertainment        ;1
6;03                                                                                                  ;Lifestyle            ;3
6;03                                                                                                  ;Music                ;1
6;03                                                                                                  ;Sports               ;1
6;03                                                                                                  ;Theater & Animation  ;1
6;04                                                                                                  ;Entertainment        ;1
6;04                                                                                                  ;Music                ;5
6;04                                                                                                  ;Sports               ;1
6;04                                                                                                  ;Theater & Animation  ;2
6;05                                                                                                  ;Entertainment        ;2
6;05                                                                                                  ;Lifestyle            ;2
6;05                                                                                                  ;Music                ;15
6;05                                                                                                  ;Science & Politics   ;1
6;05                                                                                                  ;Theater & Animation  ;1
6;06                                                                                                  ;Entertainment        ;1
6;06                                                                                                  ;Theater & Animation  ;1
6;07                                                                                                  ;Entertainment        ;1
6;07                                                                                                  ;Lifestyle            ;3
6;07                                                                                                  ;Music                ;1
6;08                                                                                                  ;Entertainment        ;4
6;08                                                                                                  ;Lifestyle            ;2
6;08                                                                                                  ;Music                ;7
6;09                                                                                                  ;Entertainment        ;2
6;09                                                                                                  ;Music                ;2
6;09                                                                                                  ;Theater & Animation  ;1
6;10                                                                                                  ;Entertainment        ;3
6;10                                                                                                  ;Lifestyle            ;1
6;10                                                                                                  ;Music                ;2
6;10                                                                                                  ;Theater & Animation  ;1
6;11                                                                                                  ;Entertainment        ;2
6;11                                                                                                  ;Lifestyle            ;2
6;11                                                                                                  ;Music                ;2
6;11                                                                                                  ;Science & Politics   ;1
6;11                                                                                                  ;Theater & Animation  ;2
6;12                                                                                                  ;Entertainment        ;1
6;12                                                                                                  ;Lifestyle            ;5
6;12                                                                                                  ;Music                ;1
6;12                                                                                                  ;Science & Politics   ;2
6;13                                                                                                  ;Entertainment        ;5
6;13                                                                                                  ;Lifestyle            ;3
6;13                                                                                                  ;Music                ;2
6;13                                                                                                  ;Science & Politics   ;3
6;13                                                                                                  ;Theater & Animation  ;1
6;14                                                                                                  ;Entertainment        ;5
6;14                                                                                                  ;Lifestyle            ;3
6;14                                                                                                  ;Music                ;4
6;14                                                                                                  ;Science & Politics   ;4
6;15                                                                                                  ;Entertainment        ;5
6;15                                                                                                  ;Lifestyle            ;3
6;15                                                                                                  ;Music                ;4
6;15                                                                                                  ;Science & Politics   ;3
6;15                                                                                                  ;Sports               ;1
6;15                                                                                                  ;Theater & Animation  ;2
6;16                                                                                                  ;Entertainment        ;4
6;16                                                                                                  ;Lifestyle            ;4
6;16                                                                                                  ;Music                ;4
6;16                                                                                                  ;Science & Politics   ;2
6;16                                                                                                  ;Sports               ;1
6;16                                                                                                  ;Theater & Animation  ;2
6;17                                                                                                  ;Entertainment        ;5
6;17                                                                                                  ;Lifestyle            ;5
6;17                                                                                                  ;Music                ;3
6;17                                                                                                  ;Science & Politics   ;3
6;17                                                                                                  ;Theater & Animation  ;3
6;18                                                                                                  ;Entertainment        ;2
6;18                                                                                                  ;Lifestyle            ;5
6;18                                                                                                  ;Music                ;1
6;18                                                                                                  ;Science & Politics   ;4
6;18                                                                                                  ;Theater & Animation  ;4
6;19                                                                                                  ;Entertainment        ;5
6;19                                                                                                  ;Lifestyle            ;2
6;19                                                                                                  ;Music                ;1
6;19                                                                                                  ;Science & Politics   ;3
6;19                                                                                                  ;Theater & Animation  ;3
6;20                                                                                                  ;Entertainment        ;5
6;20                                                                                                  ;Lifestyle            ;4
6;20                                                                                                  ;Music                ;1
6;20                                                                                                  ;Science & Politics   ;2
6;20                                                                                                  ;Sports               ;1
6;21                                                                                                  ;Entertainment        ;4
6;21                                                                                                  ;Gaming               ;1
6;21                                                                                                  ;Lifestyle            ;3
6;21                                                                                                  ;Music                ;1
6;21                                                                                                  ;Sports               ;1
6;21                                                                                                  ;Theater & Animation  ;1
6;22                                                                                                  ;Entertainment        ;4
6;22                                                                                                  ;Lifestyle            ;5
6;22                                                                                                  ;Music                ;1
6;22                                                                                                  ;Science & Politics   ;2
6;22                                                                                                  ;Theater & Animation  ;1
6;23                                                                                                  ;Entertainment        ;3
6;23                                                                                                  ;Lifestyle            ;4
6;23                                                                                                  ;Science & Politics   ;1
6;23                                                                                                  ;Sports               ;1
6;23                                                                                                  ;Theater & Animation  ;1
7;00                                                                                                  ;Entertainment        ;1
7;00                                                                                                  ;Lifestyle            ;3
7;00                                                                                                  ;Science & Politics   ;2
7;01                                                                                                  ;Entertainment        ;1
7;01                                                                                                  ;Lifestyle            ;1
7;01                                                                                                  ;Science & Politics   ;1
7;01                                                                                                  ;Sports               ;1
7;01                                                                                                  ;Theater & Animation  ;1
7;02                                                                                                  ;Lifestyle            ;2
7;02                                                                                                  ;Science & Politics   ;1
7;02                                                                                                  ;Theater & Animation  ;1
7;03                                                                                                  ;Lifestyle            ;1
7;03                                                                                                  ;Sports               ;1
7;04                                                                                                  ;Science & Politics   ;1
7;05                                                                                                  ;Lifestyle            ;1
7;05                                                                                                  ;Music                ;1
7;06                                                                                                  ;Entertainment        ;1
7;06                                                                                                  ;Sports               ;1
7;07                                                                                                  ;Entertainment        ;1
7;07                                                                                                  ;Music                ;1
7;08                                                                                                  ;Entertainment        ;1
7;08                                                                                                  ;Lifestyle            ;1
7;10                                                                                                  ;Gaming               ;1
7;10                                                                                                  ;Sports               ;1
7;11                                                                                                  ;Entertainment        ;1
7;11                                                                                                  ;Science & Politics   ;1
7;12                                                                                                  ;Entertainment        ;1
7;12                                                                                                  ;Lifestyle            ;2
7;12                                                                                                  ;Science & Politics   ;1
7;12                                                                                                  ;Theater & Animation  ;2
7;13                                                                                                  ;Entertainment        ;2
7;13                                                                                                  ;Lifestyle            ;2
7;13                                                                                                  ;Science & Politics   ;1
7;13                                                                                                  ;Sports               ;1
7;14                                                                                                  ;Lifestyle            ;2
7;14                                                                                                  ;Science & Politics   ;3
7;15                                                                                                  ;Entertainment        ;3
7;15                                                                                                  ;Lifestyle            ;5
7;15                                                                                                  ;Science & Politics   ;5
7;15                                                                                                  ;Sports               ;2
7;15                                                                                                  ;Theater & Animation  ;2
7;16                                                                                                  ;Entertainment        ;2
7;16                                                                                                  ;Gaming               ;1
7;16                                                                                                  ;Lifestyle            ;7
7;16                                                                                                  ;Music                ;1
7;16                                                                                                  ;Science & Politics   ;2
7;16                                                                                                  ;Theater & Animation  ;2
7;17                                                                                                  ;Entertainment        ;3
7;17                                                                                                  ;Lifestyle            ;1
7;17                                                                                                  ;Music                ;1
7;17                                                                                                  ;Science & Politics   ;2
7;17                                                                                                  ;Theater & Animation  ;3
7;18                                                                                                  ;Entertainment        ;3
7;18                                                                                                  ;Gaming               ;1
7;18                                                                                                  ;Lifestyle            ;4
7;18                                                                                                  ;Music                ;1
7;18                                                                                                  ;Sports               ;2
7;18                                                                                                  ;Theater & Animation  ;3
7;19                                                                                                  ;Entertainment        ;3
7;19                                                                                                  ;Gaming               ;1
7;19                                                                                                  ;Lifestyle            ;4
7;19                                                                                                  ;Science & Politics   ;2
7;19                                                                                                  ;Theater & Animation  ;3
7;20                                                                                                  ;Entertainment        ;1
7;20                                                                                                  ;Lifestyle            ;3
7;20                                                                                                  ;Music                ;1
7;20                                                                                                  ;Science & Politics   ;2
7;20                                                                                                  ;Theater & Animation  ;1
7;21                                                                                                  ;Entertainment        ;2
7;21                                                                                                  ;Lifestyle            ;2
7;21                                                                                                  ;Science & Politics   ;1
7;21                                                                                                  ;Sports               ;1
7;21                                                                                                  ;Theater & Animation  ;1
7;22                                                                                                  ;Entertainment        ;1
7;22                                                                                                  ;Lifestyle            ;2
7;22                                                                                                  ;Science & Politics   ;2
7;22                                                                                                  ;Theater & Animation  ;1
7;23                                                                                                  ;Entertainment        ;1
7;23                                                                                                  ;Music                ;1
7;23                                                                                                  ;Sports               ;2
